{
  "hash": "31b4372a6b57a9a2096b46cc9ab11ce4",
  "result": {
    "markdown": "---\ntitle: \"Lenguajes\"\nauthor: \"Pepe\"\n#lang: es\nlanguage: \n  title-block-author-single: \"Autora\"\n#language: assets/_language-es.yml\nformat: html\n---\n\n\n## Quarto\n\nQuarto enables you to weave together content and executable code into a finished document. To learn more about Quarto see <https://quarto.org>.\n\n## Running Code\n\nWhen you click the **Render** button a document will be generated that includes both content and the output of embedded code. You can embed code like this:\n\n\n::: {.cell}\n\n```{.r .cell-code}\n1 + 1\n```\n\n::: {.cell-output .cell-output-stdout}\n```\n[1] 2\n```\n:::\n:::\n\n\nYou can add options to executable code like this \n\n\n::: {.cell}\n::: {.cell-output .cell-output-stdout}\n```\n[1] 4\n```\n:::\n:::\n\n\nThe `echo: false` option disables the printing of code (only output is displayed).\n",
    "supporting": [],
    "filters": [
      "rmarkdown/pagebreak.lua"
    ],
    "includes": {},
    "engineDependencies": {},
    "preserve": {},
    "postProcess": true
  }
}